-- 品牌
INSERT INTO brand (name) VALUES
('兰博基尼'),
('保时捷'),
('法拉利');

-- 车型
INSERT INTO model (brand_id, series_name, year, config_name, guide_price, engine, type) VALUES
-- 兰博基尼
(1,'Huracan',2025,'EVO RWD',2540000,'5.2L V10','跑车'),
(1,'Aventador',2024,'LP780-4 Ultimae',7550000,'6.5L V12','跑车'),
(1,'Urus',2026,'S',3000000,'4.0T V8','SUV'),
-- 保时捷
(2,'718 Cayman',2025,'2.0T 标准版',650000,'2.0T','跑车'),
(2,'911 Carrera',2026,'3.0T',1500000,'3.0T','跑车'),
(2,'Macan',2025,'2.0T',580000,'2.0T','SUV'),
-- 法拉利
(3,'Roma',2025,'3.9T V8',2800000,'3.9T','跑车'),
(3,'F8 Tributo',2024,'3.9T V8',3400000,'3.9T','跑车'),
(3,'SF90',2026,'混动',5000000,'混动','跑车'),
(3,'Purosangue',2026,'V12',6000000,'6.5L V12','SUV');

-- 员工
INSERT INTO employee (name, job_number, role, department, hire_date) VALUES
('张伟','E001','销售','销售部','2022-01-01'),
('李娜','E002','销售','销售部','2022-02-01'),
('王强','E003','销售','销售部','2022-03-01'),
('刘芳','E004','销售','销售部','2022-04-01'),
('孙明','E005','销售','销售部','2022-05-01'),
('周杰','E006','销售','销售部','2022-06-01'),
('吴刚','E007','售后','售后部','2022-07-01'),
('郑雪','E008','售后','售后部','2022-08-01'),
('陈晨','E009','经理','销售部','2021-01-01'),
('赵磊','E010','经理','售后部','2021-01-01');

-- 客户
INSERT INTO customer (name, gender, phone, first_visit_date) VALUES
('客户1','男','13800000001','2026-01-01'),
('客户2','女','13800000002','2026-01-02'),
('客户3','男','13800000003','2026-01-03'),
('客户4','女','13800000004','2026-01-04'),
('客户5','男','13800000005','2026-01-05'),
('客户6','女','13800000006','2026-01-06'),
('客户7','男','13800000007','2026-01-07'),
('客户8','女','13800000008','2026-01-08'),
('客户9','男','13800000009','2026-01-09'),
('客户10','女','13800000010','2026-01-10'),
('客户11','男','13800000011','2026-01-11'),
('客户12','女','13800000012','2026-01-12'),
('客户13','男','13800000013','2026-01-13'),
('客户14','女','13800000014','2026-01-14'),
('客户15','男','13800000015','2026-01-15'),
('客户16','女','13800000016','2026-01-16'),
('客户17','男','13800000017','2026-01-17'),
('客户18','女','13800000018','2026-01-18'),
('客户19','男','13800000019','2026-01-19'),
('客户20','女','13800000020','2026-01-20');

-- 库存车辆
INSERT INTO car (vin, model_id, color, purchase_price, sale_price, status, stock_in_date) VALUES
('VIN00000000000001',1,'白',100000,120000,'已售出','2026-01-01'),
('VIN00000000000002',1,'黑',100000,120000,'已售出','2026-01-01'),
('VIN00000000000003',2,'白',150000,180000,'已售出','2026-01-01'),
('VIN00000000000004',2,'黑',150000,180000,'已售出','2025-08-01'),
('VIN00000000000005',3,'灰',160000,200000,'已售出','2026-01-01'),

('VIN00000000000006',4,'白',130000,150000,'已售出','2026-01-01'),
('VIN00000000000007',5,'黑',170000,190000,'已售出','2026-01-01'),
('VIN00000000000008',6,'灰',180000,210000,'已售出','2025-09-01'),
('VIN00000000000009',7,'白',90000,110000,'已售出','2026-01-01'),
('VIN00000000000010',8,'黑',200000,250000,'在途','2026-01-01'),

('VIN00000000000011',9,'灰',230000,280000,'已售出','2026-01-01'),
('VIN00000000000012',10,'白',180000,230000,'已售出','2026-01-01'),
('VIN00000000000013',1,'黑',100000,120000,'已售出','2025-07-01'),
('VIN00000000000014',2,'灰',150000,180000,'已售出','2026-01-01'),
('VIN00000000000015',3,'白',160000,200000,'在途','2026-01-01'),

('VIN00000000000016',4,'黑',130000,150000,'已售出','2026-01-01'),
('VIN00000000000017',5,'灰',170000,190000,'已售出','2026-01-01'),
('VIN00000000000018',6,'白',180000,210000,'已售出','2025-10-01'),
('VIN00000000000019',7,'黑',90000,110000,'已售出','2026-01-01'),
('VIN00000000000020',8,'灰',200000,250000,'在途','2026-01-01'),

('VIN00000000000021',9,'白',230000,280000,'已售出','2026-01-01'),
('VIN00000000000022',10,'黑',180000,230000,'已售出','2026-01-01'),
('VIN00000000000023',1,'灰',100000,120000,'已售出','2025-06-01'),
('VIN00000000000024',2,'白',150000,180000,'已售出','2026-01-01'),
('VIN00000000000025',3,'黑',160000,200000,'在途','2026-01-01'),

('VIN00000000000026',4,'灰',130000,150000,'已售出','2026-01-01'),
('VIN00000000000027',5,'白',170000,190000,'已售出','2026-01-01'),
('VIN00000000000028',6,'黑',180000,210000,'已售出','2025-11-01'),
('VIN00000000000029',7,'灰',90000,110000,'已售出','2026-01-01'),
('VIN00000000000030',8,'白',200000,250000,'已售出','2026-01-01'),

-- Additional cars for Q4 (old inventory > 90 days)
('VIN00000000000031',1,'红',100000,120000,'已售出','2025-05-01'),
('VIN00000000000032',2,'蓝',150000,180000,'已售出','2025-04-01'),
('VIN00000000000033',3,'银',160000,200000,'已售出','2025-03-01'),
('VIN00000000000034',4,'金',130000,150000,'已售出','2025-02-01'),
('VIN00000000000035',5,'白',170000,190000,'已售出','2025-01-01');

-- 销售订单
INSERT INTO sales_order (customer_id, employee_id, vin, total_amount, deposit, status, create_time, delivery_time) VALUES
(1,1,'VIN00000000000003',180000,20000,'已完成','2026-01-01','2026-01-15'),
(2,2,'VIN00000000000004',180000,30000,'已完成','2026-01-02','2026-01-20'),
(3,3,'VIN00000000000007',190000,20000,'已完成','2026-01-03','2026-01-18'),
(4,4,'VIN00000000000008',210000,30000,'已完成','2026-01-04','2026-01-25'),
(5,5,'VIN00000000000012',230000,20000,'已完成','2026-01-05','2026-01-20'),

(6,1,'VIN00000000000013',120000,20000,'已完成','2026-01-06','2026-01-22'),
(7,2,'VIN00000000000017',190000,20000,'已完成','2026-01-07','2026-01-25'),
(8,3,'VIN00000000000018',210000,30000,'已完成','2026-01-08','2026-01-28'),
(9,4,'VIN00000000000022',230000,20000,'已完成','2026-01-09','2026-01-30'),
(10,5,'VIN00000000000023',120000,20000,'已完成','2026-01-10','2026-02-01'),

(11,1,'VIN00000000000027',190000,20000,'已完成','2026-01-11','2026-01-25'),
(12,2,'VIN00000000000028',210000,30000,'已完成','2026-01-12','2026-02-05'),
(13,3,'VIN00000000000001',180000,20000,'已完成','2026-01-13','2026-02-01'),
(14,4,'VIN00000000000002',190000,20000,'已完成','2026-01-14','2026-02-05'),
(15,5,'VIN00000000000005',230000,20000,'已完成','2026-01-15','2026-02-01'),

(16,1,'VIN00000000000006',190000,20000,'已完成','2026-01-16','2026-02-10'),
(17,2,'VIN00000000000009',230000,20000,'已完成','2026-01-17','2026-02-15'),
(18,3,'VIN00000000000010',190000,20000,'已取消','2026-01-18',NULL),
(19,4,'VIN00000000000025',180000,20000,'已取消','2026-01-19',NULL),
(20,5,'VIN00000000000014',190000,20000,'已完成','2026-01-20','2026-02-20'),

-- Additional sales orders for Q4 old inventory cars
(2,2,'VIN00000000000031',120000,20000,'已完成','2026-01-25','2026-02-10'),
(4,4,'VIN00000000000032',180000,40000,'已完成','2026-01-26','2026-02-15'),
(6,1,'VIN00000000000033',200000,40000,'已完成','2026-01-27','2026-02-20'),
(8,3,'VIN00000000000034',150000,20000,'已完成','2026-01-28','2026-02-25'),
(10,5,'VIN00000000000035',190000,30000,'已完成','2026-01-29','2026-03-01'),

-- Additional sales orders to create gold card customers (total > 300k)
(6,1,'VIN00000000000016',150000,40000,'已完成','2026-02-03','2026-02-25'),
(8,3,'VIN00000000000019',110000,20000,'已完成','2026-02-04','2026-03-01'),
(10,5,'VIN00000000000024',180000,40000,'已完成','2026-02-05','2026-03-05'),

-- Additional Q1 completed orders for better Q1 coverage
(1,1,'VIN00000000000011',180000,20000,'已完成','2026-03-01','2026-03-15'),
(3,3,'VIN00000000000021',190000,20000,'已完成','2026-03-05','2026-03-20'),
(5,5,'VIN00000000000026',230000,20000,'已完成','2026-03-10','2026-03-25'),
(7,2,'VIN00000000000029',190000,20000,'已完成','2026-03-15','2026-03-30'),
(9,4,'VIN00000000000030',230000,20000,'已完成','2026-03-20','2026-04-05');

-- 服务工单
INSERT INTO service_order (customer_id, vin, service_type, employee_id, create_time, total_cost, status, expected_finish_time) VALUES
(1,'VIN00000000000004','保养',7,'2026-02-01',500,'已完成','2026-02-02'),
(2,'VIN00000000000008','维修',8,'2026-02-02',1500,'已完成','2026-02-05'),
(3,'VIN00000000000013','保养',7,'2026-02-03',600,'进行中','2026-02-06'),
(4,'VIN00000000000018','维修',8,'2026-02-04',2000,'待服务','2026-02-10'),
(5,'VIN00000000000023','保养',7,'2026-02-05',700,'已完成','2026-02-06'),

(6,'VIN00000000000028','维修',8,'2026-02-06',1800,'进行中','2026-02-12'),
(7,'VIN00000000000004','保养',7,'2026-02-07',500,'已完成','2026-02-08'),
(8,'VIN00000000000008','维修',8,'2026-02-08',1600,'已完成','2026-02-12'),
(9,'VIN00000000000013','保养',7,'2026-02-09',600,'待服务','2026-02-15'),
(10,'VIN00000000000018','维修',8,'2026-02-10',2100,'进行中','2026-02-18'),

-- Additional service orders for better coverage
(1,'VIN00000000000031','保养',7,'2026-03-01',800,'已完成','2026-03-02'),
(2,'VIN00000000000032','维修',8,'2026-03-05',2000,'已完成','2026-03-10'),
(4,'VIN00000000000004','维修',8,'2026-03-15',2500,'已完成','2026-03-20'),
(6,'VIN00000000000028','保养',7,'2026-03-25',700,'已完成','2026-03-26');